,Откуда,Город отправления,Куда,Город назначения,Цена
0,Беларусь,Минск,Россия,Москва,114
1,Беларусь,Минск,Россия,Санкт-Петербург,129
2,Беларусь,Минск,Россия,Сочи,276
3,Беларусь,Минск,Россия,Калининград,294
4,Беларусь,Минск,Россия,Минеральные Воды,208
5,Беларусь,Минск,Россия,Махачкала,373
6,Беларусь,Минск,Россия,Казань,200
7,Беларусь,Минск,Россия,Екатеринбург,315
8,Беларусь,Минск,Россия,Новосибирск,489
9,Беларусь,Минск,Россия,Самара,249
10,Беларусь,Минск,Россия,Челябинск,326
11,Беларусь,Минск,Россия,Мурманск,270
12,Беларусь,Минск,Россия,Нижний Новгород,294
13,Беларусь,Минск,Россия,Иркутск,450
14,Беларусь,Минск,Россия,Красноярск,506
15,Беларусь,Минск,Россия,Пермь,320
16,Беларусь,Минск,Россия,Уфа,316
17,Беларусь,Минск,Россия,Владивосток,804
18,Беларусь,Минск,Россия,Краснодар,448
19,Беларусь,Минск,Россия,Волгоград,259
20,Беларусь,Минск,Россия,Геленджик,428
21,Беларусь,Минск,Россия,Барнаул,419
22,Беларусь,Минск,Россия,Сургут,411
23,Беларусь,Минск,Россия,Тюмень,372
24,Беларусь,Минск,Россия,Ульяновск,189
25,Беларусь,Минск,Россия,Омск,336
26,Беларусь,Минск,Россия,Владикавказ,378
27,Беларусь,Минск,Россия,Оренбург,345
28,Беларусь,Минск,Россия,Саратов,277
29,Беларусь,Минск,Россия,Горно‑Алтайск,554
30,Беларусь,Минск,Россия,Хабаровск,763
31,Беларусь,Минск,Россия,Ижевск,336
32,Беларусь,Минск,Россия,Новокузнецк,510
33,Беларусь,Минск,Россия,Петропавловск-Камчатский,915
34,Беларусь,Минск,Россия,Чебоксары,227
35,Беларусь,Минск,Россия,Череповец,408
36,Беларусь,Минск,Россия,Грозный,463
37,Беларусь,Минск,Россия,Южно‑Сахалинск,815
38,Беларусь,Минск,Россия,Астрахань,346
39,Беларусь,Минск,Россия,Благовещенск,767
40,Беларусь,Минск,Россия,Ставрополь,328
41,Беларусь,Минск,Россия,Абакан,690
42,Беларусь,Минск,Россия,Архангельск,288
43,Беларусь,Минск,Россия,Улан‑Удэ,398
44,Беларусь,Минск,Россия,Набережные Челны (Нижнекамск),314
45,Беларусь,Минск,Россия,Магнитогорск,459
46,Беларусь,Минск,Россия,Кемерово,568
47,Беларусь,Минск,Россия,Чита,732
48,Беларусь,Минск,Россия,Киров,247
49,Беларусь,Минск,Россия,Новый Уренгой,529
50,Беларусь,Минск,Россия,Ноябрьск,632
51,Беларусь,Минск,Россия,Нальчик,351
52,Беларусь,Минск,Россия,Нижневартовск,472
53,Беларусь,Минск,Россия,Томск,498
54,Беларусь,Минск,Россия,Магадан,848
55,Беларусь,Минск,Россия,Кировск (Апатиты),358
56,Беларусь,Минск,Россия,Сыктывкар,428
57,Беларусь,Минск,Россия,Нерюнгри,None
58,Беларусь,Минск,Россия,Петрозаводск,501
59,Беларусь,Минск,Россия,Пенза,389
60,Беларусь,Минск,Россия,Ярославль,279
61,Беларусь,Минск,Россия,Магас,358
62,Беларусь,Минск,Россия,Ухта,515
63,Беларусь,Минск,Россия,Якутск,824
64,Беларусь,Минск,Россия,Ханты‑Мансийск,458
65,Беларусь,Минск,Россия,Курган,462
66,Беларусь,Минск,Россия,Тамбов,297
67,Беларусь,Минск,Россия,Саранск,323
68,Беларусь,Минск,Россия,Братск,755
69,Беларусь,Минск,Россия,Анадырь,None
70,Беларусь,Минск,Россия,Салехард,857
71,Беларусь,Минск,Россия,Калуга,191
72,Беларусь,Минск,Россия,Тобольск,569
73,Беларусь,Минск,Россия,Норильск,790
74,Беларусь,Минск,Россия,Иваново,383
75,Беларусь,Минск,Россия,Орск,434
76,Беларусь,Минск,Россия,Элиста,599
77,Беларусь,Минск,Россия,Игрим,None
78,Беларусь,Минск,Россия,Белоярский,None
79,Беларусь,Минск,Россия,Воркута,None
80,Беларусь,Минск,Россия,Псков,253
81,Беларусь,Минск,Россия,Кызыл,None
82,Беларусь,Минск,Россия,Нижнеангарск,None
83,Беларусь,Минск,Россия,Мирный,None
84,Беларусь,Минск,Россия,Нарьян‑Мар,404
85,Беларусь,Минск,Россия,Усинск,696
86,Беларусь,Минск,Россия,Урай,None
87,Беларусь,Минск,Россия,Итуруп,None
88,Беларусь,Минск,Россия,Надым,None
89,Беларусь,Минск,Россия,Нягань,562
90,Беларусь,Минск,Россия,Усть‑Кут,867
91,Беларусь,Минск,Россия,Когалым,498
92,Беларусь,Минск,Россия,Вологда,498
93,Беларусь,Минск,Россия,Котлас,None
94,Беларусь,Минск,Россия,Кострома,558
95,Беларусь,Минск,Россия,Оха,None
96,Беларусь,Минск,Россия,Анапа,692
97,Беларусь,Минск,Россия,Богучаны,None
98,Беларусь,Минск,Россия,Талакан,1029
99,Беларусь,Минск,Россия,Бодайбо,1562
100,Беларусь,Минск,Россия,Бугульма,514
101,Беларусь,Минск,Россия,Удачный,1304
102,Беларусь,Минск,Россия,Ленск,None
103,Беларусь,Минск,Россия,Северо-Енисейский,None
104,Беларусь,Минск,Россия,Советский,None
105,Беларусь,Минск,Россия,Николаевск-на-Амуре,1278
106,Беларусь,Минск,Россия,Таксимо,None
107,Беларусь,Минск,Россия,Чара,None
108,Беларусь,Минск,Россия,Южно‑Курильск,None
109,Беларусь,Минск,Россия,Усть‑Илимск,None
110,Беларусь,Минск,Россия,Олёкминск,None
111,Беларусь,Минск,Россия,Советская Гавань,None
112,Беларусь,Минск,Россия,Батагай,None
113,Беларусь,Минск,Россия,Кодинск,None
114,Беларусь,Минск,Россия,Стрежевой,None
115,Беларусь,Минск,Россия,Диксон,None
116,Беларусь,Минск,Россия,Ноглики,None
117,Беларусь,Минск,Россия,Певек,None
118,Беларусь,Минск,Россия,Киренск,None
119,Беларусь,Минск,Россия,Шахтёрск,None
120,Беларусь,Минск,Россия,Великий Устюг,535
121,Беларусь,Минск,Россия,Берёзово,None
122,Беларусь,Минск,Россия,Оленёк,None
123,Беларусь,Минск,Россия,Хужир,None
124,Беларусь,Минск,Россия,Кепервеем,None
125,Беларусь,Минск,Россия,Тикси,None
126,Беларусь,Минск,Россия,Игарка,None
127,Беларусь,Минск,Россия,Тында,None
128,Беларусь,Минск,Россия,Туруханск,None
129,Беларусь,Минск,Россия,Хатанга,None
130,Беларусь,Минск,Россия,Мотыгино,None
131,Беларусь,Минск,Россия,Краснокаменск,None
132,Беларусь,Минск,Россия,Тура,None
133,Беларусь,Минск,Россия,Бор,None
134,Беларусь,Минск,Россия,Среднеколымск,None
135,Беларусь,Минск,Россия,Депутатский,None
136,Беларусь,Минск,Россия,Байкит,None
137,Беларусь,Минск,Россия,Эвенск,None
138,Беларусь,Минск,Россия,Ванавара,None
139,Беларусь,Минск,Россия,Мама,None
140,Беларусь,Минск,Россия,Усть‑Куйга,None
141,Беларусь,Минск,Россия,Сунтар,None
142,Беларусь,Минск,Россия,Бованенково,None
143,Беларусь,Минск,Россия,Белая Гора,None
144,Беларусь,Минск,Россия,Усть‑Цильма,None
145,Беларусь,Минск,Россия,Хонуу,None
146,Беларусь,Минск,Россия,Усть‑Нера,None
147,Беларусь,Минск,Россия,Зея,None
148,Беларусь,Минск,Россия,Нюрба,None
149,Беларусь,Минск,Россия,Кавалерово,None
150,Беларусь,Минск,Россия,Омсукчан,None
151,Беларусь,Минск,Россия,Соловецкий,None
152,Беларусь,Минск,Россия,Дальнегорск,None
153,Беларусь,Минск,Россия,Преображение,1023
154,Беларусь,Минск,Россия,Чокурдах,None
155,Беларусь,Минск,Россия,Охотск,None
156,Беларусь,Минск,Россия,Жиганск,None
157,Беларусь,Минск,Россия,Черский,None
158,Беларусь,Минск,Россия,Богородское,None
159,Беларусь,Минск,Россия,Светлогорск,None
160,Беларусь,Минск,Россия,Сусуман,None
161,Беларусь,Минск,Россия,Железногорск,None
162,Беларусь,Минск,Россия,Херпучи,None
163,Беларусь,Минск,Россия,Кыра,None
164,Беларусь,Минск,Россия,Крабозаводское,None
165,Беларусь,Минск,Россия,Амурзет,None
166,Беларусь,Минск,Россия,Казачинское,None
167,Беларусь,Минск,Россия,Ербогачён,None
168,Беларусь,Минск,Россия,Аян,None
169,Беларусь,Минск,Россия,Чумикан,None
170,Беларусь,Минск,Россия,Сеймчан,None
171,Беларусь,Минск,Россия,Красный Чикой,None
172,Беларусь,Минск,Россия,Ягодное,None
173,Беларусь,Минск,Россия,Пластун,None
174,Беларусь,Минск,Россия,Батагай‑Алыта,None
175,Беларусь,Минск,Россия,Зырянка,None
176,Беларусь,Минск,Россия,Лешуконское,None
177,Беларусь,Минск,Россия,Оссора,None
178,Беларусь,Минск,Россия,Зональное,None
179,Беларусь,Минск,Россия,Терней,None
180,Беларусь,Минск,Россия,Белокуриха,None
181,Беларусь,Минск,Россия,Чегдомын,None
182,Беларусь,Минск,Россия,Палана,None
183,Беларусь,Минск,Россия,Саскылах,None
184,Беларусь,Минск,Россия,Синегорье,None
185,Беларусь,Минск,Россия,Никольское,None
186,Беларусь,Минск,Россия,Светлая,None
187,Беларусь,Минск,Россия,Тигиль,None
188,Беларусь,Минск,Россия,Нелькан,None
189,Беларусь,Минск,Россия,Тиличики,None
190,Беларусь,Минск,Россия,Поронайск,None
191,Беларусь,Минск,Россия,Ярцево,None
192,Беларусь,Минск,Россия,Усть‑Камчатск,None
193,Беларусь,Минск,Россия,Мезень,None
194,Беларусь,Минск,Россия,Омолон,None
195,Беларусь,Минск,Россия,Толька,None
196,Беларусь,Минск,Россия,Смирных,None
197,Беларусь,Минск,Россия,Дальнереченск,None
198,Беларусь,Минск,Россия,Озерная,None
199,Беларусь,Минск,Россия,Ямбург,None
200,Беларусь,Минск,Россия,Усть‑Кокса,None
201,Беларусь,Минск,Россия,Пахачи,None
202,Беларусь,Минск,Россия,Беринговский,None
203,Беларусь,Минск,Россия,Усть‑Мая,None
204,Беларусь,Минск,Россия,Мужи,None
205,Беларусь,Минск,Россия,Марково,None
206,Беларусь,Минск,Россия,Курск,None
207,Беларусь,Минск,Россия,Шушенское,None
208,Беларусь,Минск,Россия,Эгвекинот,None
209,Беларусь,Минск,Россия,Амгу,None
210,Беларусь,Минск,Россия,Соболево,None
211,Беларусь,Минск,Россия,Лайтамак,None
212,Беларусь,Минск,Россия,Манилы,None
213,Беларусь,Минск,Россия,Владимир,None
214,Беларусь,Минск,Россия,Вагай,None
215,Беларусь,Минск,Россия,Старый Оскол,None
216,Беларусь,Минск,Россия,Комсомольск-на-Амуре,None
217,Беларусь,Минск,Россия,Йошкар‑Ола,None
218,Беларусь,Минск,Россия,Воронеж,None
219,Беларусь,Минск,Россия,Ростов‑на-Дону,None
220,Беларусь,Минск,Россия,Белгород,None
221,Беларусь,Минск,Россия,Брянск,None
222,Беларусь,Минск,Россия,Инта,None
223,Беларусь,Минск,Россия,Липецк,None
224,Беларусь,Минск,Россия,Маган,None
225,Беларусь,Минск,Россия,Залив Лаврентия,None
226,Беларусь,Минск,Россия,Усть‑Хайрюзово,None
227,Беларусь,Минск,Россия,Верхневилюйск,None
228,Беларусь,Минск,Россия,Кускургуль,None
229,Беларусь,Минск,Россия,Сангар,None
230,Беларусь,Минск,Россия,Домбай,None
231,Беларусь,Минск,Россия,Ессентуки,None
232,Беларусь,Минск,Россия,Архыз,None
233,Беларусь,Минск,Россия,Усть‑Омчуг,None
234,Беларусь,Минск,Россия,Северо-Курильск,None
235,Беларусь,Минск,Россия,Таганрог,None
236,Беларусь,Минск,Россия,Тарко‑Сале,None
237,Беларусь,Минск,Россия,Печора,None
238,Беларусь,Минск,Россия,Вилюйск,None
239,Беларусь,Минск,Россия,Сабетта,None
240,Беларусь,Минск,Россия,Красноселькуп,None
241,Беларусь,Минск,Беларусь,Минск,None
242,Беларусь,Минск,Беларусь,Гомель,366
243,Беларусь,Минск,Беларусь,Брест,446
244,Беларусь,Минск,Беларусь,Могилев,None
245,Беларусь,Минск,Беларусь,Витебск,None
246,Беларусь,Минск,Беларусь,Гродно,None
247,Беларусь,Минск,Турция,Анталья,320
248,Беларусь,Минск,Турция,Стамбул,402
249,Беларусь,Минск,Турция,Даламан,425
250,Беларусь,Минск,Турция,Аланья,509
251,Беларусь,Минск,Турция,Бодрум,570
252,Беларусь,Минск,Турция,Измир,639
253,Беларусь,Минск,Турция,Анкара,454
254,Беларусь,Минск,Турция,Мерсин,587
255,Беларусь,Минск,Турция,Кайсери,661
256,Беларусь,Минск,Турция,Ширнак,1798
257,Беларусь,Минск,Турция,Невшехир,680
258,Беларусь,Минск,Турция,Конья,709
259,Беларусь,Минск,Турция,Диярбакыр,936
260,Беларусь,Минск,Турция,Трабзон,839
261,Беларусь,Минск,Турция,Ризе,547
262,Беларусь,Минск,Турция,Самсун,None
263,Беларусь,Минск,Турция,Ыгдыр,None
264,Беларусь,Минск,Турция,Батман,None
265,Беларусь,Минск,Турция,Газиантеп,1114
266,Беларусь,Минск,Турция,Денизли,None
267,Беларусь,Минск,Турция,Эрзинджан,None
268,Беларусь,Минск,Турция,Орду,None
269,Беларусь,Минск,Турция,Элязыг,1479
270,Беларусь,Минск,Турция,Мардин,919
271,Беларусь,Минск,Турция,Хатай,None
272,Беларусь,Минск,Турция,Шанлыурфа,None
273,Беларусь,Минск,Турция,Эрзурум,676
274,Беларусь,Минск,Турция,Малатья,None
275,Беларусь,Минск,Турция,Карс,None
276,Беларусь,Минск,Турция,Агры,None
277,Беларусь,Минск,Турция,Токат,None
278,Беларусь,Минск,Турция,Эдремит,666
279,Беларусь,Минск,Турция,Сивас,637
280,Беларусь,Минск,Турция,Ван,None
281,Беларусь,Минск,Турция,Кахраманмараш,1842
282,Беларусь,Минск,Турция,Мерзифон,None
283,Беларусь,Минск,Турция,Муш,None
284,Беларусь,Минск,Турция,Бурса,None
285,Беларусь,Минск,Турция,Кютахья,None
286,Беларусь,Минск,Турция,Синоп,None
287,Беларусь,Минск,Турция,Адыяман,None
288,Беларусь,Минск,Турция,Хаккяри,None
289,Беларусь,Минск,Турция,Чанаккале,None
290,Беларусь,Минск,Турция,Зонгулдак,None
291,Беларусь,Минск,Турция,Кастамону,None
292,Беларусь,Минск,Турция,Бингёль,None
293,Беларусь,Минск,Турция,Сиирт,None
294,Беларусь,Минск,Турция,Ыспарта,None
295,Беларусь,Минск,Турция,Текирдаг,None
296,Беларусь,Минск,Турция,Эскишехир,None
297,Беларусь,Минск,Турция,Артвин,None
298,Беларусь,Минск,Турция,Измит,None
299,Беларусь,Минск,Китай,Санья,1059
300,Беларусь,Минск,Китай,Пекин,973
301,Беларусь,Минск,Китай,Гуанчжоу,976
302,Беларусь,Минск,Китай,Шанхай,914
303,Беларусь,Минск,Китай,Шэньчжэнь,955
304,Беларусь,Минск,Китай,Чэнду,905
305,Беларусь,Минск,Китай,Урумчи,730
306,Беларусь,Минск,Китай,Ханчжоу,1077
307,Беларусь,Минск,Китай,Ухань,986
308,Беларусь,Минск,Китай,Чжэнчжоу,1364
309,Беларусь,Минск,Китай,Хайкоу,1057
310,Беларусь,Минск,Китай,Нанкин,1067
311,Беларусь,Минск,Китай,Чунцин,968
312,Беларусь,Минск,Китай,Сиань,988
313,Беларусь,Минск,Китай,Циндао,918
314,Беларусь,Минск,Китай,Нинбо,1898
315,Беларусь,Минск,Китай,Шаньтоу,1763
316,Беларусь,Минск,Китай,Чанша,2538
317,Беларусь,Минск,Китай,Вэньчжоу,1450
318,Беларусь,Минск,Китай,Куньмин,2605
319,Беларусь,Минск,Китай,Уси,None
320,Беларусь,Минск,Китай,Чжанцзяцзе,1251
321,Беларусь,Минск,Китай,Харбин,965
322,Беларусь,Минск,Китай,Иу,1027
323,Беларусь,Минск,Китай,Тяньцзинь,2112
324,Беларусь,Минск,Китай,Далянь,1027
325,Беларусь,Минск,Китай,Лючжоу,None
326,Беларусь,Минск,Китай,Шэньян,1596
327,Беларусь,Минск,Китай,Цзинань,1490
328,Беларусь,Минск,Китай,Наньнин,2534
329,Беларусь,Минск,Китай,Вэйхай,None
330,Беларусь,Минск,Китай,Фучжоу,None
331,Беларусь,Минск,Китай,Хэфэй,1031
332,Беларусь,Минск,Китай,Чжухай,2412
333,Беларусь,Минск,Китай,Ланьчжоу,2000
334,Беларусь,Минск,Китай,Юньчэн,2005
335,Беларусь,Минск,Китай,Иньчуань,1478
336,Беларусь,Минск,Китай,Сямынь,1068
337,Беларусь,Минск,Китай,Хуайань,1133
338,Беларусь,Минск,Китай,Маньчжурия,None
339,Беларусь,Минск,Китай,Чанчунь,None
340,Беларусь,Минск,Китай,Алтай,3032
341,Беларусь,Минск,Китай,Датун,None
342,Беларусь,Минск,Китай,Гуйян,None
343,Беларусь,Минск,Китай,Тайчжоу,4554
344,Беларусь,Минск,Китай,Лхаса,2964
345,Беларусь,Минск,Китай,Яньтай,None
346,Беларусь,Минск,Китай,Цюаньчжоу,None
347,Беларусь,Минск,Китай,Чандэ,None
348,Беларусь,Минск,Китай,Сюйчжоу,None
349,Беларусь,Минск,Китай,Аньшань,None
350,Беларусь,Минск,Китай,Наньчан,1585
351,Беларусь,Минск,Китай,Кульджа,1046
352,Беларусь,Минск,Китай,Ганьчжоу,None
353,Беларусь,Минск,Китай,Фошань,4059
354,Беларусь,Минск,Китай,Наньян,None
355,Беларусь,Минск,Китай,Чжаньцзян,1821
356,Беларусь,Минск,Китай,Цицикар,None
357,Беларусь,Минск,Китай,Чанчжи,None
358,Беларусь,Минск,Китай,Сянъян,2016
359,Беларусь,Минск,Китай,Уишань,None
360,Беларусь,Минск,Китай,Бэйхай,None
361,Беларусь,Минск,Китай,Хэйхэ,None
362,Беларусь,Минск,Китай,Гуйлинь,2049
363,Беларусь,Минск,Китай,Тайюань,None
364,Беларусь,Минск,Китай,Хайлар,2213
365,Беларусь,Минск,Китай,Чанчжоу,None
366,Беларусь,Минск,Китай,Чжоушань,None
367,Беларусь,Минск,Китай,Цзиндэчжэнь,None
368,Беларусь,Минск,Китай,Наньтун,None
369,Беларусь,Минск,Китай,Линьи,2344
370,Беларусь,Минск,Китай,Яньчэн,None
371,Беларусь,Минск,Китай,Шицзячжуан,None
372,Беларусь,Минск,Китай,Ляньюньган,None
373,Беларусь,Минск,Китай,Кашгар,None
374,Беларусь,Минск,Китай,Лицзян,None
375,Беларусь,Минск,Китай,Яньцзи,None
376,Беларусь,Минск,Китай,Янчжоу,2251
377,Беларусь,Минск,Китай,Ханьчжун,None
378,Беларусь,Минск,Китай,Юйшу,None
379,Беларусь,Минск,Китай,Хух‑Хото,2016
380,Беларусь,Минск,Китай,Юйлинь,None
381,Беларусь,Минск,Китай,Ичан,None
382,Беларусь,Минск,Китай,Дунъин,None
383,Беларусь,Минск,Китай,Цзямусы,None
384,Беларусь,Минск,Китай,Цзуньи,None
385,Беларусь,Минск,Китай,Цзинхун,None
386,Беларусь,Минск,Китай,Хойчжоу,None
387,Беларусь,Минск,Китай,Шаши,None
388,Беларусь,Минск,Китай,Цзинин,11531
389,Беларусь,Минск,Китай,Тэнчун,None
390,Беларусь,Минск,Китай,Кёктокай,None
391,Беларусь,Минск,Китай,Тунжэнь,None
392,Беларусь,Минск,Китай,Шиянь,None
393,Беларусь,Минск,Китай,Ибинь,None
394,Беларусь,Минск,Китай,Дацин,None
395,Беларусь,Минск,Китай,Саньмин,None
396,Беларусь,Минск,Китай,Чжанъе,None
397,Беларусь,Минск,Китай,Шангри‑Ла,None
398,Беларусь,Минск,Китай,Ордос,None
399,Беларусь,Минск,Китай,Хотан,None
400,Беларусь,Минск,Китай,Наньчун,None
401,Беларусь,Минск,Китай,Цзиси,None
402,Беларусь,Минск,Китай,Вэйфан,None
403,Беларусь,Минск,Китай,Синин,None
404,Беларусь,Минск,Китай,Боро‑Тала,1407
405,Беларусь,Минск,Китай,Аксу,None
406,Беларусь,Минск,Китай,Хуаншань,None
407,Беларусь,Минск,Китай,Ваньчжоу,None
408,Беларусь,Минск,Китай,Ханьдань,None
409,Беларусь,Минск,Китай,Лоян,None
410,Беларусь,Минск,Китай,Цзяюйгуань,None
411,Беларусь,Минск,Китай,Жичжао,None
412,Беларусь,Минск,Китай,Лучжоу,None
413,Беларусь,Минск,Китай,Цзиань,None
414,Беларусь,Минск,Китай,Мохэ,None
415,Беларусь,Минск,Китай,Дали,None
416,Беларусь,Минск,Китай,Цзиньчжоу,None
417,Беларусь,Минск,Китай,Хуайхуа,None
418,Беларусь,Минск,Китай,Чугучак,None
419,Беларусь,Минск,Китай,Турфан,None
420,Беларусь,Минск,Китай,Цзючжайгоу,None
421,Беларусь,Минск,Китай,Цюйчжоу,None
422,Беларусь,Минск,Китай,Сичан,None
423,Беларусь,Минск,Китай,Хэнъян,None
424,Беларусь,Минск,Китай,Инкоу,None
425,Беларусь,Минск,Китай,Шаогуань,None
426,Беларусь,Минск,Китай,Муданьцзян,None
427,Беларусь,Минск,Китай,Фуюань,None
428,Беларусь,Минск,Китай,Чифэн,None
429,Беларусь,Минск,Китай,Тунляо,None
430,Беларусь,Минск,Китай,Манши,None
431,Беларусь,Минск,Китай,Ньингчи,None
432,Беларусь,Минск,Китай,Гуанъюань,None
433,Беларусь,Минск,Китай,Дуньхуан,5987
434,Беларусь,Минск,Китай,Линьцан,None
435,Беларусь,Минск,Китай,Хэцзэ,None
436,Беларусь,Минск,Китай,Синтай,None
437,Беларусь,Минск,Китай,Цзюцзян,None
438,Беларусь,Минск,Китай,Нгари,None
439,Беларусь,Минск,Китай,Синьчжоу,None
440,Беларусь,Минск,Китай,Учжоу,None
441,Беларусь,Минск,Китай,Юэян,None
442,Беларусь,Минск,Китай,Баошань,None
443,Беларусь,Минск,Китай,Даньдун,None
444,Беларусь,Минск,Китай,Корла,None
445,Беларусь,Минск,Китай,Чамдо,None
446,Беларусь,Минск,Китай,Циньхуандао,None
447,Беларусь,Минск,Китай,Голмуд,None
448,Беларусь,Минск,Китай,Аньцин,None
449,Беларусь,Минск,Китай,Баотоу,1699
450,Беларусь,Минск,Китай,Чичжоу,None
451,Беларусь,Минск,Китай,Таншань,None
452,Беларусь,Минск,Китай,Ухай,None
453,Беларусь,Минск,Китай,Дабба,None
454,Беларусь,Минск,Китай,Сымао,None
455,Беларусь,Минск,Китай,Мяньян,None
456,Беларусь,Минск,Китай,Чжунвэй,None
457,Беларусь,Минск,Китай,Цзиньчан,None
458,Беларусь,Минск,Китай,Шилин‑Хото,None
459,Беларусь,Минск,Китай,Мэйчжоу,None
460,Беларусь,Минск,Китай,Аршан,None
461,Беларусь,Минск,Китай,Вэньшань,None
462,Беларусь,Минск,Китай,Баян‑Нур,None
463,Беларусь,Минск,Китай,Цяньцзян,None
464,Беларусь,Минск,Китай,Цинъян,None
465,Беларусь,Минск,Китай,Джагдачи,None
466,Беларусь,Минск,Китай,Аньшунь,None
467,Беларусь,Минск,Китай,Яньань,None
468,Беларусь,Минск,Китай,Кюнес,None
469,Беларусь,Минск,Китай,Либо,None
470,Беларусь,Минск,Китай,Эрэн‑Хото,None
471,Беларусь,Минск,Китай,Тунхуа,None
472,Беларусь,Минск,Китай,Бурчун,None
473,Беларусь,Минск,Китай,Чжанцзякоу,None
474,Беларусь,Минск,Китай,Ичунь,None
475,Беларусь,Минск,Китай,Кандин,None
476,Беларусь,Минск,Китай,Чаоян,None
477,Беларусь,Минск,Китай,Юнчжоу,None
478,Беларусь,Минск,Китай,Байшань,None
479,Беларусь,Минск,Китай,Хами,None
480,Беларусь,Минск,Китай,Бицзе,None
481,Беларусь,Минск,Китай,Куча,None
482,Беларусь,Минск,Китай,Улан‑Хото,None
483,Беларусь,Минск,Китай,Гуюань,None
484,Беларусь,Минск,Китай,Чжаотун,None
485,Беларусь,Минск,Китай,Фуян,None
486,Беларусь,Минск,Китай,Эньши,None
487,Беларусь,Минск,Китай,Черчен,None
488,Беларусь,Минск,Китай,Дачжоу,None
489,Беларусь,Минск,Китай,Карамай,None
490,Беларусь,Минск,Китай,Линьфэнь,None
491,Беларусь,Минск,Китай,Цзяньсаньцзян,None
492,Беларусь,Минск,Китай,Уху,None
493,Беларусь,Минск,Китай,Синъи,None
494,Беларусь,Минск,Китай,Чжуншань,None
495,Беларусь,Минск,Китай,Синьян,None
496,Беларусь,Минск,Китай,Маннай,None
497,Беларусь,Минск,Китай,Анькан,None
498,Беларусь,Минск,Китай,Чжаланьтунь,None
499,Беларусь,Минск,Китай,Липин,None
500,Беларусь,Минск,Китай,Шекоу,None
501,Беларусь,Минск,Китай,Шигадзе,None
502,Беларусь,Минск,Китай,Байсэ,None
503,Беларусь,Минск,Китай,Люйлян,None
504,Беларусь,Минск,Китай,Шихэцзы,None
505,Беларусь,Минск,Китай,Луннань,None
506,Беларусь,Минск,Китай,Сунъюань,None
507,Беларусь,Минск,Китай,Ичунь,None
508,Беларусь,Минск,Китай,Шэньнунцзя,None
509,Беларусь,Минск,Китай,Бачжун,None
510,Беларусь,Минск,Китай,Кайли,None
511,Беларусь,Минск,Китай,Паньчжихуа,None
512,Беларусь,Минск,Китай,Лунъянь,None
513,Беларусь,Минск,Китай,Хумэнь,None
514,Беларусь,Минск,Грузия,Тбилиси,467
515,Беларусь,Минск,Грузия,Батуми,473
516,Беларусь,Минск,Грузия,Кутаиси,510
517,Беларусь,Минск,Таиланд,Пхукет,1363
518,Беларусь,Минск,Таиланд,Бангкок,1117
519,Беларусь,Минск,Таиланд,Краби,1570
520,Беларусь,Минск,Таиланд,Паттайя,2262
521,Беларусь,Минск,Таиланд,Самуй,1898
522,Беларусь,Минск,Таиланд,Чиангмай,1479
523,Беларусь,Минск,Таиланд,Сураттхани,None
524,Беларусь,Минск,Таиланд,Накхонситхаммарат,None
525,Беларусь,Минск,Таиланд,Хатъяй,2038
526,Беларусь,Минск,Таиланд,Чианграй,1672
527,Беларусь,Минск,Таиланд,Трат,8062
528,Беларусь,Минск,Таиланд,Удонтхани,None
529,Беларусь,Минск,Таиланд,Транг,None
530,Беларусь,Минск,Таиланд,Пхитсанулок,None
531,Беларусь,Минск,Таиланд,Кхонкэн,None
532,Беларусь,Минск,Таиланд,Ранонг,None
533,Беларусь,Минск,Таиланд,Чумпхон,None
534,Беларусь,Минск,Таиланд,Убонратчатхани,None
535,Беларусь,Минск,Таиланд,Накхонпханом,None
536,Беларусь,Минск,Таиланд,Хуахин,None
537,Беларусь,Минск,Таиланд,Лей,None
538,Беларусь,Минск,Таиланд,Сукхотхай,None
539,Беларусь,Минск,Таиланд,Саконнакхон,None
540,Беларусь,Минск,Таиланд,Ройет,None
541,Беларусь,Минск,Таиланд,Бурирам,None
542,Беларусь,Минск,Таиланд,Лампанг,None
543,Беларусь,Минск,Таиланд,Наратхиват,None
544,Беларусь,Минск,Таиланд,Нан,3764
545,Беларусь,Минск,Таиланд,Мэхонгсон,None
546,Беларусь,Минск,Таиланд,Пай,None
547,Беларусь,Минск,Таиланд,Пхрэ,None
548,Беларусь,Минск,Таиланд,Мэсот,None
549,Беларусь,Минск,Таиланд,Бетонг,None
550,Беларусь,Минск,ОАЭ,Дубай,698
551,Беларусь,Минск,ОАЭ,Абу‑Даби,603
552,Беларусь,Минск,ОАЭ,Шарджа,546
553,Беларусь,Минск,ОАЭ,Рас‑эль-Хайма,964
554,Беларусь,Минск,ОАЭ,Эль‑Айн,None
555,Беларусь,Минск,ОАЭ,Эль‑Фуджайра,2383
556,Беларусь,Минск,Вьетнам,Нячанг,1566
557,Беларусь,Минск,Вьетнам,Хошимин,1351
558,Беларусь,Минск,Вьетнам,Фукуок,1628
559,Беларусь,Минск,Вьетнам,Ханой,1427
560,Беларусь,Минск,Вьетнам,Дананг,1613
561,Беларусь,Минск,Вьетнам,Далат,None
562,Беларусь,Минск,Вьетнам,Хайфон,None
563,Беларусь,Минск,Вьетнам,Тханьхоа,None
564,Беларусь,Минск,Вьетнам,Куинён,None
565,Беларусь,Минск,Вьетнам,Хюэ,None
566,Беларусь,Минск,Вьетнам,Пуло‑Кондор,None
567,Беларусь,Минск,Вьетнам,Кантхо,None
568,Беларусь,Минск,Вьетнам,Донгхой,9083
569,Беларусь,Минск,Вьетнам,Камау,None
570,Беларусь,Минск,Вьетнам,Винь,None
571,Беларусь,Минск,Вьетнам,Плейку,None
572,Беларусь,Минск,Вьетнам,Тамки,None
573,Беларусь,Минск,Вьетнам,Буонметхуот,None
574,Беларусь,Минск,Вьетнам,Ратьзя,None
575,Беларусь,Минск,Вьетнам,Туихоа,None
576,Беларусь,Минск,Вьетнам,Вандон,None
577,Беларусь,Минск,Вьетнам,Дьенбьенфу,None
578,Беларусь,Минск,Италия,Милан,685
579,Беларусь,Минск,Италия,Рим,676
580,Беларусь,Минск,Италия,Венеция,607
581,Беларусь,Минск,Италия,Катания,1121
582,Беларусь,Минск,Италия,Неаполь,780
583,Беларусь,Минск,Италия,Болонья,705
584,Беларусь,Минск,Италия,Генуя,4356
585,Беларусь,Минск,Италия,Пиза,2334
586,Беларусь,Минск,Италия,Бари,1100
587,Беларусь,Минск,Италия,Турин,938
588,Беларусь,Минск,Италия,Палермо,1410
589,Беларусь,Минск,Италия,Римини,None
590,Беларусь,Минск,Италия,Кальяри,None
591,Беларусь,Минск,Италия,Ламеция‑Терме,None
592,Беларусь,Минск,Италия,Ольбия,888
593,Беларусь,Минск,Италия,Пескара,None
594,Беларусь,Минск,Италия,Флоренция,1988
595,Беларусь,Минск,Италия,Реджо-ди-Калабрия,None
596,Беларусь,Минск,Италия,Бриндизи,None
597,Беларусь,Минск,Италия,Верона,833
598,Беларусь,Минск,Италия,Альгеро,None
599,Беларусь,Минск,Италия,Трапани,None
600,Беларусь,Минск,Италия,Форли,None
601,Беларусь,Минск,Италия,Триест,None
602,Беларусь,Минск,Италия,Перуджа,None
603,Беларусь,Минск,Италия,Комизо,None
604,Беларусь,Минск,Италия,Кротоне,None
605,Беларусь,Минск,Италия,Салерно,None
606,Беларусь,Минск,Италия,Анкона,None
607,Беларусь,Минск,Италия,Пантеллерия,None
608,Беларусь,Минск,Италия,Лампедуза,None
609,Беларусь,Минск,Италия,Больцано,None
610,Беларусь,Минск,Италия,Кунео,None
611,Беларусь,Минск,Италия,Эльба,None
612,Беларусь,Минск,Италия,Падуя,None
613,Беларусь,Минск,Италия,Парма,757
614,Беларусь,Минск,Италия,Неаполь,None
615,Беларусь,Минск,Италия,Вьесте,None
616,Беларусь,Минск,Италия,Сан‑Домино,None
617,Беларусь,Минск,Италия,Фоджа,None
618,Беларусь,Минск,Италия,Искья,None
619,Беларусь,Минск,Испания,Барселона,723
620,Беларусь,Минск,Испания,Тенерифе,1133
621,Беларусь,Минск,Испания,Мадрид,745
622,Беларусь,Минск,Испания,Аликанте,822
623,Беларусь,Минск,Испания,Валенсия,693
624,Беларусь,Минск,Испания,Малага,760
625,Беларусь,Минск,Испания,Пальма-де-Майорка,1043
626,Беларусь,Минск,Испания,Севилья,622
627,Беларусь,Минск,Испания,Ибица,4695
628,Беларусь,Минск,Испания,Лас‑Пальмас,865
629,Беларусь,Минск,Испания,Бильбао,2096
630,Беларусь,Минск,Испания,Лансароте,None
631,Беларусь,Минск,Испания,Фуэртевентура,None
632,Беларусь,Минск,Испания,Жирона,None
633,Беларусь,Минск,Испания,Херес-де-ла-Фронтера,None
634,Беларусь,Минск,Испания,Астурия,9937
635,Беларусь,Минск,Испания,Ла‑Корунья,3377
636,Беларусь,Минск,Испания,Сантьяго-де-Компостела,None
637,Беларусь,Минск,Испания,Альмерия,None
638,Беларусь,Минск,Испания,Реус,None
639,Беларусь,Минск,Испания,Санта-Крус-де-ла-Пальма,None
640,Беларусь,Минск,Испания,Сан‑Себастьян,None
641,Беларусь,Минск,Испания,Виго,None
642,Беларусь,Минск,Испания,Менорка,None
643,Беларусь,Минск,Испания,Сантандер,None
644,Беларусь,Минск,Испания,Гранада,None
645,Беларусь,Минск,Испания,Кастельон-де-ла-Плана,None
646,Беларусь,Минск,Испания,Сарагоса,1096
647,Беларусь,Минск,Испания,Мурсия,None
648,Беларусь,Минск,Испания,Леон,None
649,Беларусь,Минск,Испания,Памплона,None
650,Беларусь,Минск,Испания,Кордова,None
651,Беларусь,Минск,Испания,Мелилья,None
652,Беларусь,Минск,Испания,Логроньо,None
653,Беларусь,Минск,Испания,Витория-Гастейс,None
654,Беларусь,Минск,Испания,Сан-Себастьян-де-ла-Гомера,None
655,Беларусь,Минск,Испания,Льейда,None
656,Беларусь,Минск,Испания,Саламанка,None
657,Беларусь,Минск,Испания,Бадахос,None
658,Беларусь,Минск,Испания,Вальядолид,None
659,Беларусь,Минск,Испания,Вальверде,None
660,Беларусь,Минск,Испания,Кадис,None
661,Беларусь,Минск,Испания,Пуэнте‑Хениль,None
662,Беларусь,Минск,Испания,Орсола,None
663,Беларусь,Минск,Испания,Сеута,None
664,Беларусь,Минск,Испания,Уэска,None
665,Беларусь,Минск,Испания,Сео‑де-Уржель,None
666,Беларусь,Минск,Испания,Сьюдад‑Реаль,None
667,Беларусь,Минск,Испания,Альбасете,None
668,Беларусь,Минск,Испания,Таррагона,None
669,Беларусь,Минск,Испания,Лорка,None
670,Беларусь,Минск,Испания,Сория,None
671,Беларусь,Минск,Испания,Сеговия,None
672,Беларусь,Минск,Испания,Уэльва,None
673,Беларусь,Минск,Испания,Толедо,None
674,Беларусь,Минск,Испания,Бургос,None
675,Беларусь,Минск,Египет,Хургада,727
676,Беларусь,Минск,Египет,Шарм‑эш-Шейх,713
677,Беларусь,Минск,Египет,Каир,726
678,Беларусь,Минск,Египет,Александрия,723
679,Беларусь,Минск,Египет,Марса‑Алам,925
680,Беларусь,Минск,Египет,Эль‑Дабаа,None
681,Беларусь,Минск,Египет,Луксор,1353
682,Беларусь,Минск,Египет,Асуан,2160
683,Беларусь,Минск,Египет,Асьют,3231
684,Беларусь,Минск,Египет,Мерса‑Матрух,None
685,Беларусь,Минск,Египет,Сохаг,None
686,Беларусь,Минск,Египет,Таба,None
687,Беларусь,Минск,Египет,Абу‑Симбел,None
688,Беларусь,Минск,Казахстан,Алматы,629
689,Беларусь,Минск,Казахстан,Астана,560
690,Беларусь,Минск,Казахстан,Шымкент,692
691,Беларусь,Минск,Казахстан,Актау,725
692,Беларусь,Минск,Казахстан,Костанай,733
693,Беларусь,Минск,Казахстан,Караганда,781
694,Беларусь,Минск,Казахстан,Актобе,820
695,Беларусь,Минск,Казахстан,Усть-Каменогорск,808
696,Беларусь,Минск,Казахстан,Тараз,782
697,Беларусь,Минск,Казахстан,Атырау,526
698,Беларусь,Минск,Казахстан,Семей,1179
699,Беларусь,Минск,Казахстан,Уральск,826
700,Беларусь,Минск,Казахстан,Петропавловск,1333
701,Беларусь,Минск,Казахстан,Кызылорда,738
702,Беларусь,Минск,Казахстан,Туркестан,1090
703,Беларусь,Минск,Казахстан,Жезказган,None
704,Беларусь,Минск,Казахстан,Талдыкорган,None
705,Беларусь,Минск,Казахстан,Байконур,None
706,Беларусь,Минск,Казахстан,Кокшетау,None
707,Беларусь,Минск,Казахстан,Павлодар,None
708,Беларусь,Минск,Казахстан,Зайсан,None
709,Беларусь,Минск,Казахстан,Ушарал,None
710,Беларусь,Минск,Казахстан,Балхаш,None
711,Беларусь,Минск,Казахстан,Урджар,None
712,Беларусь,Минск,Узбекистан,Ташкент,597
713,Беларусь,Минск,Узбекистан,Самарканд,575
714,Беларусь,Минск,Узбекистан,Бухара,748
715,Беларусь,Минск,Узбекистан,Ургенч,701
716,Беларусь,Минск,Узбекистан,Фергана,718
717,Беларусь,Минск,Узбекистан,Наманган,801
718,Беларусь,Минск,Узбекистан,Термез,1233
719,Беларусь,Минск,Узбекистан,Карши,1112
720,Беларусь,Минск,Узбекистан,Нукус,1655
721,Беларусь,Минск,Узбекистан,Андижан,759
722,Беларусь,Минск,Узбекистан,Навои,1310
723,Беларусь,Минск,Узбекистан,Заамин,None
724,Беларусь,Минск,Узбекистан,Шахрисабз,None
725,Беларусь,Минск,Узбекистан,Муйнак,None
726,Беларусь,Минск,Узбекистан,Коканд,None
727,Беларусь,Минск,Польша,Варшава,894
728,Беларусь,Минск,Польша,Краков,899
729,Беларусь,Минск,Польша,Гданьск,852
730,Беларусь,Минск,Польша,Вроцлав,1326
731,Беларусь,Минск,Польша,Познань,1178
732,Беларусь,Минск,Польша,Катовице,906
733,Беларусь,Минск,Польша,Люблин,883
734,Беларусь,Минск,Польша,Лодзь,None
735,Беларусь,Минск,Польша,Щецин,1261
736,Беларусь,Минск,Польша,Жешув,1439
737,Беларусь,Минск,Польша,Зелёна‑Гура,None
738,Беларусь,Минск,Польша,Быдгощ,1299
739,Беларусь,Минск,Польша,Радом,1542
740,Беларусь,Минск,Польша,Шиманы,None
741,Беларусь,Минск,Азербайджан,Баку,466
742,Беларусь,Минск,Азербайджан,Гянджа,532
743,Беларусь,Минск,Азербайджан,Нахичевань,None
744,Беларусь,Минск,Азербайджан,Ленкорань,None
745,Беларусь,Минск,Азербайджан,Габала,None
746,Беларусь,Минск,Азербайджан,Физули,None
747,Беларусь,Минск,Литва,Вильнюс,888
748,Беларусь,Минск,Литва,Каунас,871
749,Беларусь,Минск,Литва,Клайпеда,None
750,Беларусь,Минск,Шри‑Ланка,Коломбо,1181
751,Беларусь,Минск,Шри‑Ланка,Хамбантота,1371
752,Беларусь,Минск,Шри‑Ланка,Тринкомали,None
753,Беларусь,Минск,Шри‑Ланка,Сигирия,None
754,Беларусь,Минск,Шри‑Ланка,Коггала,None
755,Беларусь,Минск,Шри‑Ланка,Канди,None
756,Беларусь,Минск,Шри‑Ланка,Диквелла,None
757,Беларусь,Минск,Шри‑Ланка,Баттикалоа,None
758,Беларусь,Минск,Шри‑Ланка,Джафна,1613
759,Беларусь,Минск,Шри‑Ланка,Хаттон,None
760,Беларусь,Минск,Индия,Гоа,1106
761,Беларусь,Минск,Индия,Дели,814
762,Беларусь,Минск,Индия,Мумбаи,784
763,Беларусь,Минск,Индия,Калькутта,1011
764,Беларусь,Минск,Индия,Тривандрам,1035
765,Беларусь,Минск,Индия,Хайдарабад,1547
766,Беларусь,Минск,Индия,Бангалор,1161
767,Беларусь,Минск,Индия,Ченнай,1477
768,Беларусь,Минск,Индия,Кочин,897
769,Беларусь,Минск,Индия,Варанаси,None
770,Беларусь,Минск,Индия,Джайпур,2995
771,Беларусь,Минск,Индия,Коямпуттур,3536
772,Беларусь,Минск,Индия,Вадодара,14299
773,Беларусь,Минск,Индия,Бхубанешвар,None
774,Беларусь,Минск,Индия,Дармсала,None
775,Беларусь,Минск,Индия,Лех,None
776,Беларусь,Минск,Индия,Амритсар,1744
777,Беларусь,Минск,Индия,Чандигарх,None
778,Беларусь,Минск,Индия,Лакхнау,None
779,Беларусь,Минск,Индия,Вишакхапатнам,None
780,Беларусь,Минск,Индия,Джодхпур,None
781,Беларусь,Минск,Индия,Ахмадабад,1485
782,Беларусь,Минск,Индия,Дехрадун,None
783,Беларусь,Минск,Индия,Мангалур,None
784,Беларусь,Минск,Индия,Пуна,None
785,Беларусь,Минск,Индия,Раджкот,None
786,Беларусь,Минск,Индия,Сурат,None
787,Беларусь,Минск,Индия,Багдогра,None
788,Беларусь,Минск,Индия,Кожикоде,1575
789,Беларусь,Минск,Индия,Сринагар,None
790,Беларусь,Минск,Индия,Патна,None
791,Беларусь,Минск,Индия,Аурангабад,None
792,Беларусь,Минск,Индия,Нагпур,None
793,Беларусь,Минск,Индия,Гая,None
794,Беларусь,Минск,Индия,Тируччираппалли,None
795,Беларусь,Минск,Индия,Мадурай,None
796,Беларусь,Минск,Индия,Пантнагар,None
797,Беларусь,Минск,Индия,Порт‑Блэр,None
798,Беларусь,Минск,Индия,Куллу,None
799,Беларусь,Минск,Индия,Кхаджурахо,None
800,Беларусь,Минск,Индия,Гувахати,None
801,Беларусь,Минск,Индия,Удайпур,None
802,Беларусь,Минск,Индия,Бхопал,None
803,Беларусь,Минск,Индия,Горакхпур,None
804,Беларусь,Минск,Индия,Джамнагар,None
805,Беларусь,Минск,Индия,Хубли‑Дхарвад,None
806,Беларусь,Минск,Индия,Джайсалмер,None
807,Беларусь,Минск,Индия,Раджамандри,None
808,Беларусь,Минск,Индия,Итанагар,None
809,Беларусь,Минск,Индия,Индаур,1699
810,Беларусь,Минск,Индия,Тирупати,None
811,Беларусь,Минск,Индия,Агатти,None
812,Беларусь,Минск,Индия,Агра,None
813,Беларусь,Минск,Индия,Каннур,None
814,Беларусь,Минск,Индия,Ширди,None
815,Беларусь,Минск,Индия,Пондичерри,None
816,Беларусь,Минск,Индия,Ранчи,None
817,Беларусь,Минск,Индия,Биканер,None
818,Беларусь,Минск,Индия,Насик,None
819,Беларусь,Минск,Индия,Шимла,None
820,Беларусь,Минск,Индия,Бхудж,None
821,Беларусь,Минск,Индия,Джорхат,None
822,Беларусь,Минск,Индия,Колхапур,None
823,Беларусь,Минск,Индия,Газиабад,None
824,Беларусь,Минск,Индия,Праяградж,None
825,Беларусь,Минск,Индия,Канпур,None
826,Беларусь,Минск,Индия,Гвалиор,None
827,Беларусь,Минск,Индия,Виджаявада,None
828,Беларусь,Минск,Индия,Джхарсугуда,None
829,Беларусь,Минск,Индия,Тутикорин,None
830,Беларусь,Минск,Индия,Райпур,None
831,Беларусь,Минск,Индия,Аиджал,None
832,Беларусь,Минск,Индия,Димапур,None
833,Беларусь,Минск,Индия,Джамму,None
834,Беларусь,Минск,Индия,Деогарх,None
835,Беларусь,Минск,Индия,Гангток,None
836,Беларусь,Минск,Индия,Джаландхар,None
837,Беларусь,Минск,Индия,Лакхимпур,None
838,Беларусь,Минск,Индия,Айодхья,None
839,Беларусь,Минск,Индия,Джабалпур,None
840,Беларусь,Минск,Индия,Бхатинда,None
841,Беларусь,Минск,Индия,Тезпур,None
842,Беларусь,Минск,Индия,Силчар,None
843,Беларусь,Минск,Индия,Импхал,None
844,Беларусь,Минск,Индия,Шиллонг,None
845,Беларусь,Минск,Индия,Белгаум,None
846,Беларусь,Минск,Индия,Диу,None
847,Беларусь,Минск,Индия,Бхавнагар,None
848,Беларусь,Минск,Индия,Агартала,None
849,Беларусь,Минск,Индия,Дибругарх,None
850,Беларусь,Минск,Индия,Шимога,None
851,Беларусь,Минск,Индия,Малван,None
852,Беларусь,Минск,Индия,Зеро,None
853,Беларусь,Минск,Индия,Лудхиана,None
854,Беларусь,Минск,Индия,Биласпур,None
855,Беларусь,Минск,Индия,Патханкот,None
856,Беларусь,Минск,Индия,Видьянагар,None
857,Беларусь,Минск,Индия,Салем,None
858,Беларусь,Минск,Индия,Кадапа,None
859,Беларусь,Минск,Индия,Кандла,None
860,Беларусь,Минск,Индия,Барели,None
861,Беларусь,Минск,Индия,Рауркела,None
862,Беларусь,Минск,Индия,Джейпор,None
863,Беларусь,Минск,Индия,Гулбарга,None
864,Беларусь,Минск,Индия,Гондия,None
865,Беларусь,Минск,Индия,Бхаванипатна,None
866,Беларусь,Минск,Индия,Аджмер,None
867,Беларусь,Минск,Индия,Куч‑Бихар,None
868,Беларусь,Минск,Индия,Джагдалпур,None
869,Беларусь,Минск,Индия,Дарбханга,None
870,Беларусь,Минск,Индия,Кешод,None
871,Беларусь,Минск,Индия,Дургапур,None
872,Беларусь,Минск,Индия,Кушинагар,None
873,Беларусь,Минск,Индия,Нандед,None
874,Беларусь,Минск,Индия,Майсур,None
875,Беларусь,Минск,Армения,Ереван,425
876,Беларусь,Минск,Армения,Гюмри,405
877,Беларусь,Минск,Германия,Берлин,755
878,Беларусь,Минск,Германия,Франкфурт-на-Майне,883
879,Беларусь,Минск,Германия,Мюнхен,750
880,Беларусь,Минск,Германия,Дортмунд,1713
881,Беларусь,Минск,Германия,Дюссельдорф,690
882,Беларусь,Минск,Германия,Нюрнберг,769
883,Беларусь,Минск,Германия,Гамбург,797
884,Беларусь,Минск,Германия,Кёльн,957
885,Беларусь,Минск,Германия,Штутгарт,954
886,Беларусь,Минск,Германия,Ганновер,603
887,Беларусь,Минск,Германия,Падерборн,None
888,Беларусь,Минск,Германия,Дрезден,1091
889,Беларусь,Минск,Германия,Бремен,1164
890,Беларусь,Минск,Германия,Лейпциг,1103
891,Беларусь,Минск,Германия,Мемминген,None
892,Беларусь,Минск,Германия,Мюнстер,None
893,Беларусь,Минск,Германия,Эрфурт,None
894,Беларусь,Минск,Германия,Саарбрюккен,None
895,Беларусь,Минск,Германия,Фридрихсхафен,None
896,Беларусь,Минск,Германия,Карлсруэ,1033
897,Беларусь,Минск,Германия,Росток,2396
898,Беларусь,Минск,Германия,Кассель,None
899,Беларусь,Минск,Германия,Вестерланд,None
900,Беларусь,Минск,Германия,Херингсдорф,None
901,Беларусь,Минск,Германия,Мангейм,None
902,Беларусь,Минск,Германия,Леверкузен,None
903,Беларусь,Минск,Германия,Ахен,None
904,Беларусь,Минск,Германия,Кайзерслаутерн,None
905,Беларусь,Минск,Япония,Токио,1242
906,Беларусь,Минск,Япония,Осака,1236
907,Беларусь,Минск,Япония,Окинава,1658
908,Беларусь,Минск,Япония,Фукуока,1674
909,Беларусь,Минск,Япония,Исигаки,None
910,Беларусь,Минск,Япония,Хиросима,1707
911,Беларусь,Минск,Япония,Саппоро,2864
912,Беларусь,Минск,Япония,Нагоя,1825
913,Беларусь,Минск,Япония,Кагосима,2821
914,Беларусь,Минск,Япония,Тояма,None
915,Беларусь,Минск,Япония,Ниигата,None
916,Беларусь,Минск,Япония,Миякодзима,None
917,Беларусь,Минск,Япония,Окаяма,None
918,Беларусь,Минск,Япония,Сендай,None
919,Беларусь,Минск,Япония,Асахикава,None
920,Беларусь,Минск,Япония,Нагасаки,None
921,Беларусь,Минск,Япония,Кумамото,None
922,Беларусь,Минск,Япония,Миядзаки,9331
923,Беларусь,Минск,Япония,Мацуяма,None
924,Беларусь,Минск,Япония,Оита,None
925,Беларусь,Минск,Япония,Амами,None
926,Беларусь,Минск,Япония,Сидзуока,None
927,Беларусь,Минск,Япония,Аомори,None
928,Беларусь,Минск,Япония,Хакодате,None
929,Беларусь,Минск,Япония,Китакюсю,None
930,Беларусь,Минск,Япония,Такамацу,None
931,Беларусь,Минск,Япония,Накасибецу,None
932,Беларусь,Минск,Япония,Сирахама,None
933,Беларусь,Минск,Япония,Идзумо,None
934,Беларусь,Минск,Япония,Якусима,None
935,Беларусь,Минск,Япония,Убе,None
936,Беларусь,Минск,Япония,Вакканай,None
937,Беларусь,Минск,Япония,Комацу,None
938,Беларусь,Минск,Япония,Кумедзима,None
939,Беларусь,Минск,Япония,Рисири,None
940,Беларусь,Минск,Япония,Цусима,None
941,Беларусь,Минск,Япония,Одате,None
942,Беларусь,Минск,Япония,Мемамбецу,None
943,Беларусь,Минск,Япония,Йонаго,None
944,Беларусь,Минск,Япония,Симодзисима,None
945,Беларусь,Минск,Япония,Окусири,None
946,Беларусь,Минск,Япония,Обихиро,None
947,Беларусь,Минск,Япония,Масуда,None
948,Беларусь,Минск,Япония,Коти,None
949,Беларусь,Минск,Япония,Кусиро,None
950,Беларусь,Минск,Япония,Ханамаки,None
951,Беларусь,Минск,Япония,Тоттори,None
952,Беларусь,Минск,Япония,Сага,None
953,Беларусь,Минск,Япония,Фукуэ,None
954,Беларусь,Минск,Япония,Мацумото,None
955,Беларусь,Минск,Япония,Момбецу,None
956,Беларусь,Минск,Япония,Ики,None
957,Беларусь,Минск,Япония,Ивакуни,None
958,Беларусь,Минск,Япония,Ибараки,None
959,Беларусь,Минск,Япония,Сёнай,None
960,Беларусь,Минск,Япония,Вадзима,None
961,Беларусь,Минск,Япония,Токусима,None
962,Беларусь,Минск,Япония,Йорондзима,None
963,Беларусь,Минск,Япония,Фукусима,None
964,Беларусь,Минск,Япония,Хатидзёдзима,None
965,Беларусь,Минск,Япония,Ямагата,None
966,Беларусь,Минск,Япония,Акита,None
967,Беларусь,Минск,Япония,Оки,None
968,Беларусь,Минск,Япония,Танегасима,None
969,Беларусь,Минск,Япония,Минамидайто,None
970,Беларусь,Минск,Япония,Токуносима,None
971,Беларусь,Минск,Япония,Китадайто,None
972,Беларусь,Минск,Япония,Мисава,None
973,Беларусь,Минск,Япония,Йонагунидзима,None
974,Беларусь,Минск,Япония,Окино‑Эрабу,None
975,Беларусь,Минск,Япония,Кикайгасима,None
976,Беларусь,Минск,Япония,Тоёока,None
977,Беларусь,Минск,Франция,Париж,751
978,Беларусь,Минск,Франция,Ницца,888
979,Беларусь,Минск,Франция,Лион,628
980,Беларусь,Минск,Франция,Бордо,1060
981,Беларусь,Минск,Франция,Тулуза,1720
982,Беларусь,Минск,Франция,Марсель,725
983,Беларусь,Минск,Франция,Страсбург,740
984,Беларусь,Минск,Франция,Монпелье,None
985,Беларусь,Минск,Франция,Нант,None
986,Беларусь,Минск,Франция,Бастия,None
987,Беларусь,Минск,Франция,Биарриц,None
988,Беларусь,Минск,Франция,Рен,None
989,Беларусь,Минск,Франция,Лилль,None
990,Беларусь,Минск,Франция,Кальви,None
991,Беларусь,Минск,Франция,Безье,None
992,Беларусь,Минск,Франция,Аяччо,None
993,Беларусь,Минск,Франция,Фигари,3697
994,Беларусь,Минск,Франция,Перпиньян,None
995,Беларусь,Минск,Франция,По,None
996,Беларусь,Минск,Франция,Кан,None
997,Беларусь,Минск,Франция,Брест (Франция),None
998,Беларусь,Минск,Франция,Довиль,None
999,Беларусь,Минск,Франция,Тулон,None
1000,Беларусь,Минск,Франция,Лурд,None
1001,Беларусь,Минск,Франция,Клермон‑Ферран,None
1002,Беларусь,Минск,Франция,Тур,None
1003,Беларусь,Минск,Франция,Ле‑Пюи-ан-Веле,None
1004,Беларусь,Минск,Франция,Родез,None
1005,Беларусь,Минск,Франция,Анже,None
1006,Беларусь,Минск,Франция,Сент‑Этьен,None
1007,Беларусь,Минск,Франция,Гренобль,None
1008,Беларусь,Минск,Франция,Орийак,None
1009,Беларусь,Минск,Франция,Шалон,None
1010,Беларусь,Минск,Франция,Лорьян,None
1011,Беларусь,Минск,Франция,Нанси,2026
1012,Беларусь,Минск,Франция,Доль,None
1013,Беларусь,Минск,Франция,Ланьон,None
1014,Беларусь,Минск,Франция,Перигё,None
1015,Беларусь,Минск,Франция,Каркасон,None
1016,Беларусь,Минск,Франция,Ла‑Рошель,None
1017,Беларусь,Минск,Франция,Ажен,None
1018,Беларусь,Минск,Франция,Кастр,None
1019,Беларусь,Минск,Франция,Кемпер,None
1020,Беларусь,Минск,Франция,Ним,None
1021,Беларусь,Минск,Франция,Сен‑Назер,None
1022,Беларусь,Минск,Франция,Брив‑ла-Гайард,None
1023,Беларусь,Минск,Франция,Авиньон,None
1024,Беларусь,Минск,Франция,Динар,None
1025,Беларусь,Минск,Франция,Лимож,None
1026,Беларусь,Минск,Франция,Пуатье,None
1027,Беларусь,Минск,Франция,Бержерак,None
1028,Беларусь,Минск,Франция,Кале,None
1029,Беларусь,Минск,Франция,Шамбери,None
1030,Беларусь,Минск,Франция,Парижский Диснейленд,None
1031,Беларусь,Минск,Франция,Реймс,None
1032,Беларусь,Минск,Франция,Валанс,None
1033,Беларусь,Минск,Франция,Экс‑ан-Прованс,None
1034,Беларусь,Минск,Франция,Канны,None
1035,Беларусь,Минск,Франция,Ле‑Ман,None
1036,Беларусь,Минск,США,Нью‑Йорк,1891
1037,Беларусь,Минск,США,Майами,1798
1038,Беларусь,Минск,США,Лос‑Анджелес,1726
1039,Беларусь,Минск,США,Бостон,2102
1040,Беларусь,Минск,США,Сан‑Франциско,2750
1041,Беларусь,Минск,США,Вашингтон,1892
1042,Беларусь,Минск,США,Чикаго,1834
1043,Беларусь,Минск,США,Лас‑Вегас,5056
1044,Беларусь,Минск,США,Гонолулу,4229
1045,Беларусь,Минск,США,Шарлотт,12676
1046,Беларусь,Минск,США,Сиэтл,1841
1047,Беларусь,Минск,США,Атланта,2659
1048,Беларусь,Минск,США,Денвер,2432
1049,Беларусь,Минск,США,Канзас‑Сити,15978
1050,Беларусь,Минск,США,Орландо,3950
1051,Беларусь,Минск,США,Сакраменто,13468
1052,Беларусь,Минск,США,Даллас,2121
1053,Беларусь,Минск,США,Тампа,4564
1054,Беларусь,Минск,США,Сан‑Диего,5623
1055,Беларусь,Минск,США,Нашвилл,12810
1056,Беларусь,Минск,США,Роли,None
1057,Беларусь,Минск,США,Каилуа‑Кона,None
1058,Беларусь,Минск,США,Хьюстон,1744
1059,Беларусь,Минск,США,Портленд,4673
1060,Беларусь,Минск,США,Солт‑Лейк-Сити,14676
1061,Беларусь,Минск,США,Анкоридж,None
1062,Беларусь,Минск,США,Новый Орлеан,None
1063,Беларусь,Минск,США,Кахулуи,21475
1064,Беларусь,Минск,США,Форт‑Майерс,2196
1065,Беларусь,Минск,США,Де‑Мойн,None
1066,Беларусь,Минск,США,Форт‑Лодердейл,1682
1067,Беларусь,Минск,США,Филадельфия,12817
1068,Беларусь,Минск,США,Финикс,None
1069,Беларусь,Минск,США,Миннеаполис,None
1070,Беларусь,Минск,США,Буффало,None
1071,Беларусь,Минск,США,Чарлстон,None
1072,Беларусь,Минск,США,Балтимор,2282
1073,Беларусь,Минск,США,Ки‑Уэст,None
1074,Беларусь,Минск,США,Остин,6134
1075,Беларусь,Минск,США,Джексонвилл,None
1076,Беларусь,Минск,США,Кливленд,None
1077,Беларусь,Минск,США,Миртл‑Бич,None
1078,Беларусь,Минск,США,Литл‑Рок,3345
1079,Беларусь,Минск,США,Детройт,2884
1080,Беларусь,Минск,США,Питтсбург,13092
1081,Беларусь,Минск,США,Спокан,None
1082,Беларусь,Минск,США,Рочестер,None
1083,Беларусь,Минск,США,Уичита,None
1084,Беларусь,Минск,США,Рино,None
1085,Беларусь,Минск,США,Сан‑Хосе,None
1086,Беларусь,Минск,США,Бойсе,None
1087,Беларусь,Минск,США,Бозмен,None
1088,Беларусь,Минск,США,Цинциннати,None
1089,Беларусь,Минск,США,Уэст‑Палм-Бич,None
1090,Беларусь,Минск,США,Колумбус,None
1091,Беларусь,Минск,США,Оклахома‑Сити,None
1092,Беларусь,Минск,США,Лексингтон,None
1093,Беларусь,Минск,США,Альбукерке,3274
1094,Беларусь,Минск,США,Кауаи,None
1095,Беларусь,Минск,США,Милуоки,None
1096,Беларусь,Минск,США,Талса,None
1097,Беларусь,Минск,США,Медфорд,None
1098,Беларусь,Минск,США,Виктория,None
1099,Беларусь,Минск,США,Луисвилл,None
1100,Беларусь,Минск,США,Омаха,None
1101,Беларусь,Минск,США,Хантсвилл,None
1102,Беларусь,Минск,США,Сент‑Луис,2827
1103,Беларусь,Минск,США,Портленд,None
1104,Беларусь,Минск,США,Гаррисберг,None
1105,Беларусь,Минск,США,Спрингфилд,None
1106,Беларусь,Минск,США,Джуно,None
1107,Беларусь,Минск,США,Норфолк,None
1108,Беларусь,Минск,США,Хартфорд,None
1109,Беларусь,Минск,США,Саут‑Бенд,None
1110,Беларусь,Минск,США,Индианаполис,None
1111,Беларусь,Минск,США,Гринвилл,None
1112,Беларусь,Минск,США,Окленд,6658
1113,Беларусь,Минск,США,Батон‑Руж,None
1114,Беларусь,Минск,США,Дейтон,None
1115,Беларусь,Минск,США,Сан‑Анджело,None
1116,Беларусь,Минск,США,Фарго,None
1117,Беларусь,Минск,США,Куинси,None
1118,Беларусь,Минск,США,Таллахасси,None
1119,Беларусь,Минск,США,Пенсакола,None
1120,Беларусь,Минск,США,Сан‑Антонио,None
1121,Беларусь,Минск,США,Саванна,None
1122,Беларусь,Минск,США,Стейт‑Колледж,None
1123,Беларусь,Минск,США,Тусон,None
1124,Беларусь,Минск,США,Питерсберг,None
1125,Беларусь,Минск,США,Ашвилл,None
1126,Беларусь,Минск,США,Лаббок,None
1127,Беларусь,Минск,США,Джексон,None
1128,Беларусь,Минск,США,Санта‑Барбара,None
1129,Беларусь,Минск,США,Манчестер,None
1130,Беларусь,Минск,США,Мобил,None
1131,Беларусь,Минск,США,Мемфис,None
1132,Беларусь,Минск,США,Дейтона‑Бич,None
1133,Беларусь,Минск,США,Хило,None
1134,Беларусь,Минск,США,Сан‑Валли,None
1135,Беларусь,Минск,США,Эль‑Пасо,None
1136,Беларусь,Минск,США,Преск‑Айл,None
1137,Беларусь,Минск,США,Аплтон,None
1138,Беларусь,Минск,США,Александрия,12217
1139,Беларусь,Минск,США,Коламбия,None
1140,Беларусь,Минск,США,Сарасота,None
1141,Беларусь,Минск,США,Колд‑Бэй,None
1142,Беларусь,Минск,США,Галфпорт,None
1143,Беларусь,Минск,США,Берлингтон,None
1144,Беларусь,Минск,США,Джеймстаун,None
1145,Беларусь,Минск,США,Монро,None
1146,Беларусь,Минск,США,Мадисон,None
1147,Беларусь,Минск,США,Чаттануга,None
1148,Беларусь,Минск,США,Палм‑Спрингс,None
1149,Беларусь,Минск,США,Нью‑Хейвен,None
1150,Беларусь,Минск,США,Фэрбанкс,None
1151,Беларусь,Минск,США,Рапид‑Сити,None
1152,Беларусь,Минск,США,Гранд-Каньон-Виллидж,None
1153,Беларусь,Минск,США,Гранд‑Рэпидс,None
1154,Беларусь,Минск,США,Кейп‑Жирардо,None
1155,Беларусь,Минск,США,Мидленд,None
1156,Беларусь,Минск,США,Ханкок,None
1157,Беларусь,Минск,США,Эверетт,None
1158,Беларусь,Минск,США,Аллентаун,None
1159,Беларусь,Минск,США,Конкорд,None
1160,Беларусь,Минск,США,Корпус‑Кристи,None
1161,Беларусь,Минск,США,Ситка,None
1162,Беларусь,Минск,США,О‑Клэр,None
1163,Беларусь,Минск,США,Грейт‑Фолс,None
1164,Беларусь,Минск,США,Пирр,None
1165,Беларусь,Минск,США,Джексон,None
1166,Беларусь,Минск,США,Ричмонд,None
1167,Беларусь,Минск,США,Онтарио,1911
1168,Беларусь,Минск,США,Форт‑Уэйн,None
1169,Беларусь,Минск,США,Атлантик‑Сити,None
1170,Беларусь,Минск,США,Юджин,None
1171,Беларусь,Минск,США,Гранд‑Форкс,None
1172,Беларусь,Минск,США,Сиракьюс,None
1173,Беларусь,Минск,США,Норт‑Бенд,None
1174,Беларусь,Минск,США,Шривпорт,None
1175,Беларусь,Минск,США,Айдахо‑Фолс,None
1176,Беларусь,Минск,США,Каламазу,None
1177,Беларусь,Минск,США,Гринвилл,None
1178,Беларусь,Минск,США,Уолла‑Уолла,None
1179,Беларусь,Минск,США,Коди,None
1180,Беларусь,Минск,США,Монтерей,None
1181,Беларусь,Минск,США,Кловис,None
1182,Беларусь,Минск,США,Форт‑Додж,None
1183,Беларусь,Минск,США,Фресно,None
1184,Беларусь,Минск,США,Саранак‑Лейк,None
1185,Беларусь,Минск,США,Чарлстон,None
1186,Беларусь,Минск,США,Дестин,None
1187,Беларусь,Минск,США,Кадьяк,None
1188,Беларусь,Минск,США,Датч‑Харбор,None
1189,Беларусь,Минск,США,Аспен,None
1190,Беларусь,Минск,США,Ланкастер,None
1191,Беларусь,Минск,США,Олбани,None
1192,Беларусь,Минск,США,Рок‑Спрингс,None
1193,Беларусь,Минск,США,Панама‑Сити,None
1194,Беларусь,Минск,США,Кларксберг,None
1195,Беларусь,Минск,США,Модесто,None
1196,Беларусь,Минск,США,Абилин,None
1197,Беларусь,Минск,США,Мерсед,None
1198,Беларусь,Минск,США,Паско,None
1199,Беларусь,Минск,США,Шагелук,None
1200,Беларусь,Минск,США,Кресент‑Сити,None
1201,Беларусь,Минск,США,Холи‑Кросс,None
1202,Беларусь,Минск,США,Гейнсвилл,None
1203,Беларусь,Минск,США,Кобук,None
1204,Беларусь,Минск,США,Лафейетт,None
1205,Беларусь,Минск,США,Ратленд,None
1206,Беларусь,Минск,США,Паркерсберг,None
1207,Беларусь,Минск,США,Скотсблафф,None
1208,Беларусь,Минск,США,Стонтон,None
1209,Беларусь,Минск,США,Сент‑Майкл,None
1210,Беларусь,Минск,США,Диллингхем,None
1211,Беларусь,Минск,США,Уинстон‑Сейлем,None
1212,Беларусь,Минск,США,Хот‑Спрингс,None
1213,Беларусь,Минск,США,Ларами,None
1214,Беларусь,Минск,США,Уотерлу,None
1215,Беларусь,Минск,США,Маккук,None
1216,Беларусь,Минск,США,Гранд‑Айленд,None
1217,Беларусь,Минск,США,Берлингтон,None
1218,Беларусь,Минск,США,Хелена,None
1219,Беларусь,Минск,США,Конкорд,None
1220,Беларусь,Минск,США,Шарлотсвилл,None
1221,Беларусь,Минск,США,Салина,None
1222,Беларусь,Минск,США,Бейкерсфилд,None
1223,Беларусь,Минск,США,Колумбус,None
1224,Беларусь,Минск,США,Акрон,None
1225,Беларусь,Минск,США,Ном,None
1226,Беларусь,Минск,США,Платинум,None
1227,Беларусь,Минск,США,Лейк‑Чарльз,None
1228,Беларусь,Минск,США,Маммот‑Лейкс,None
1229,Беларусь,Минск,США,Коюкук,None
1230,Беларусь,Минск,США,Альянс,None
1231,Беларусь,Минск,США,Редмонд,None
1232,Беларусь,Минск,США,Ганнисон,None
1233,Беларусь,Минск,США,Сидни,None
1234,Беларусь,Минск,США,Оушен‑Сити,None
1235,Беларусь,Минск,США,Кейсиглек,None
1236,Беларусь,Минск,США,Джонстаун,None
1237,Беларусь,Минск,США,Прескотт,None
1238,Беларусь,Минск,США,Джиллетт,None
1239,Беларусь,Минск,США,Уэйко,None
1240,Беларусь,Минск,США,Уэнатчи,None
1241,Беларусь,Минск,США,Нейплс,None
1242,Беларусь,Минск,США,Шангнак,None
1243,Беларусь,Минск,США,Нурвик,None
1244,Беларусь,Минск,США,Майнот,None
1245,Беларусь,Минск,США,Рочестер,None
1246,Беларусь,Минск,США,Хана,None
1247,Беларусь,Минск,США,Кламат‑Фолс,None
1248,Беларусь,Минск,США,Хуна,None
1249,Беларусь,Минск,США,Савунга,None
1250,Беларусь,Минск,США,Уилмингтон,None
1251,Беларусь,Минск,США,Хиббинг,None
1252,Беларусь,Минск,США,Пелстон,None
1253,Беларусь,Минск,США,Меридиан,None
1254,Беларусь,Минск,США,Монтроз,None
1255,Беларусь,Минск,США,Чико,None
1256,Беларусь,Минск,США,Сент‑Джордж,None
1257,Беларусь,Минск,США,Дебьюк,None
1258,Беларусь,Минск,США,Хейгерстаун,None
1259,Беларусь,Минск,США,Уотертаун,None
1260,Беларусь,Минск,США,Напаскиак,None
1261,Беларусь,Минск,США,Мелборн,None
1262,Беларусь,Минск,США,Нуиксут,None
1263,Беларусь,Минск,США,Рокленд,None
1264,Беларусь,Минск,США,Глазго,None
1265,Беларусь,Минск,США,Су‑Сити,None
1266,Беларусь,Минск,США,Пеория,None
1267,Беларусь,Минск,США,Керксвилл,None
1268,Беларусь,Минск,США,Огденсберг,None
1269,Беларусь,Минск,США,Вернал,None
1270,Беларусь,Минск,США,Колумбус,None
1271,Беларусь,Минск,США,Льюистон,None
1272,Беларусь,Минск,США,Пойнт‑Хоуп,None
1273,Беларусь,Минск,США,Форт‑Смит,None
1274,Беларусь,Минск,США,Коюк,None
1275,Беларусь,Минск,США,Биллингс,None
1276,Беларусь,Минск,США,Хоолехуа,None
1277,Беларусь,Минск,США,Грин‑Бэй,None
1278,Беларусь,Минск,США,Джонсборо,None
1279,Беларусь,Минск,США,Флоренс,None
1280,Беларусь,Минск,США,Твин‑Фолс,None
1281,Беларусь,Минск,США,Гарден‑Сити,None
1282,Беларусь,Минск,США,Хоббс,None
1283,Беларусь,Минск,США,Уналаклит,None
1284,Беларусь,Минск,США,Вейл,None
1285,Беларусь,Минск,США,Густавус,None
1286,Беларусь,Минск,США,Роанок,None
1287,Беларусь,Минск,США,Молин,None
1288,Беларусь,Минск,США,Дикинсон,None
1289,Беларусь,Минск,США,Манисти,None
1290,Беларусь,Минск,США,Кортес,None
1291,Беларусь,Минск,США,Либерал,None
1292,Беларусь,Минск,США,Хуслия,None
1293,Беларусь,Минск,США,Лебанон,None
1294,Беларусь,Минск,США,Розуэлл,None
1295,Беларусь,Минск,США,Буллхед‑Сити,None
1296,Беларусь,Минск,США,Брейнерд,None
1297,Беларусь,Минск,США,Бемиджи,None
1298,Беларусь,Минск,США,Тьюпело,None
1299,Беларусь,Минск,США,Джеймстаун,None
1300,Беларусь,Минск,США,Ла‑Кросс,None
1301,Беларусь,Минск,США,Атмаутлуак,None
1302,Беларусь,Минск,США,Бакленд,None
1303,Беларусь,Минск,США,Грейлинг,None
1304,Беларусь,Минск,США,Санта‑Мария,None
1305,Беларусь,Минск,США,Мекорьюк,None
1306,Беларусь,Минск,США,Бревиг‑Мишен,None
1307,Беларусь,Минск,США,Каспер,None
1308,Беларусь,Минск,США,Силвер‑Сити,None
1309,Беларусь,Минск,США,Толидо,None
1310,Беларусь,Минск,США,Сэнд‑Пойнт,None
1311,Беларусь,Минск,США,Уэстчестер,None
1312,Беларусь,Минск,США,Сагино,None
1313,Беларусь,Минск,США,Сент‑Мэрис,None
1314,Беларусь,Минск,США,Хейден,None
1315,Беларусь,Минск,США,Нантакет,None
1316,Беларусь,Минск,США,Оуэнсборо,None
1317,Беларусь,Минск,США,Хейс,None
1318,Беларусь,Минск,США,Найтмьют,None
1319,Беларусь,Минск,США,Прово,None
1320,Беларусь,Минск,США,Лонгвью,None
1321,Беларусь,Минск,США,Падука,None
1322,Беларусь,Минск,США,Тексаркана,None
1323,Беларусь,Минск,США,Барроу,None
1324,Беларусь,Минск,США,Клавок,None
1325,Беларусь,Минск,США,Пуэбло,None
1326,Беларусь,Минск,США,Пулман,None
1327,Беларусь,Минск,США,Покателло,None
1328,Беларусь,Минск,США,Кетчикан,None
1329,Беларусь,Минск,США,Сент‑Пол,None
1330,Беларусь,Минск,США,Веро‑Бич,None
1331,Беларусь,Минск,США,Айлип,None
1332,Беларусь,Минск,США,Маркетт,None
1333,Беларусь,Минск,США,Колледж-Стейшен,None
1334,Беларусь,Минск,США,Пендлтон,None
1335,Беларусь,Минск,США,Спрингфилд,None
1336,Беларусь,Минск,США,Диринг,None
1337,Беларусь,Минск,США,Прадо‑Бэй,None
1338,Беларусь,Минск,США,Джексон,None
1339,Беларусь,Минск,США,Шактулик,None
1340,Беларусь,Минск,США,Аткасук,None
1341,Беларусь,Минск,США,Юма,None
1342,Беларусь,Минск,США,Ниагара‑Фолс,None
1343,Беларусь,Минск,США,Тетерборо,None
1344,Беларусь,Минск,США,Ларедо,None
1345,Беларусь,Минск,США,Бингемтон,None
1346,Беларусь,Минск,США,Траверс‑Сити,None
1347,Беларусь,Минск,США,Бекли,None
1348,Беларусь,Минск,США,Куинхагак,None
1349,Беларусь,Минск,США,Ньюбург,None
1350,Беларусь,Минск,США,Карлсбад,None
1351,Беларусь,Минск,США,Гринсборо,None
1352,Беларусь,Минск,США,Стилуотер,None
1353,Беларусь,Минск,США,Бетел,None
1354,Беларусь,Минск,США,Гаррисон,None
1355,Беларусь,Минск,США,Хэйворд,None
1356,Беларусь,Минск,США,Коханок,None
1357,Беларусь,Минск,США,Лансинг,None
1358,Беларусь,Минск,США,Айронвуд,None
1359,Беларусь,Минск,США,Шоу‑Лоу,None
1360,Беларусь,Минск,США,Уильямспорт,None
1361,Беларусь,Минск,США,Коцебу,None
1362,Беларусь,Минск,США,Элим,None
1363,Беларусь,Минск,США,Итака,None
1364,Беларусь,Минск,США,Калтаг,None
1365,Беларусь,Минск,США,Мейсон‑Сити,None
1366,Беларусь,Минск,США,Калскаг,None
1367,Беларусь,Минск,США,Льюисберг,None
1368,Беларусь,Минск,США,Уиллистон,None
1369,Беларусь,Минск,США,Фармингтон,None
1370,Беларусь,Минск,США,Монтгомери,None
1371,Беларусь,Минск,США,Якима,None
1372,Беларусь,Минск,США,Дель‑Рио,None
1373,Беларусь,Минск,США,Тайлер,None
1374,Беларусь,Минск,США,Конгиганак,None
1375,Беларусь,Минск,США,Калиспелл,None
1376,Беларусь,Минск,США,Бристоль,None
1377,Беларусь,Минск,США,Алаканук,None
1378,Беларусь,Минск,США,Линчбург,None
1379,Беларусь,Минск,США,Сидар‑Сити,None
1380,Беларусь,Минск,США,Мэрион,None
1381,Беларусь,Минск,США,Алпина,None
1382,Беларусь,Минск,США,Селавик,None
1383,Беларусь,Минск,США,Пунта‑Горда,None
1384,Беларусь,Минск,США,Алтуна,None
1385,Беларусь,Минск,США,Моргантаун,None
1386,Беларусь,Минск,США,Санта‑Роза,None
1387,Беларусь,Минск,США,Тиф‑Ривер-Фолс,None
1388,Беларусь,Минск,США,Хейнс,None
1389,Беларусь,Минск,США,Головин,None
1390,Беларусь,Минск,США,Уотертаун,None
1391,Беларусь,Минск,США,Девилс‑Лейк,None
1392,Беларусь,Минск,США,Колорадо-Спрингс,None
1393,Беларусь,Минск,США,Ривертон,None
1394,Беларусь,Минск,США,Платтсбург,None
1395,Беларусь,Минск,США,Эсканаба,None
1396,Беларусь,Минск,США,Чуатбалук,None
1397,Беларусь,Минск,США,Нулато,None
1398,Беларусь,Минск,США,Капалуа,None
1399,Беларусь,Минск,США,Франклин,None
1400,Беларусь,Минск,США,Пойнт‑Лей,None
1401,Беларусь,Минск,США,Кенай,None
1402,Беларусь,Минск,США,Браунсвилл,None
1403,Беларусь,Минск,США,Фейетвилл,None
1404,Беларусь,Минск,США,Хавр,None
1405,Беларусь,Минск,США,Элко,None
1406,Беларусь,Минск,США,Масл‑Шолс,None
1407,Беларусь,Минск,США,Су‑Фолс,None
1408,Беларусь,Минск,США,Хантингтон,None
1409,Беларусь,Минск,США,Мак‑Аллен,None
1410,Беларусь,Минск,США,Истсаунд,None
1411,Беларусь,Минск,США,Нью‑Берн,None
1412,Беларусь,Минск,США,Маунтин-Виллидж,None
1413,Беларусь,Минск,США,Хьюз,None
1414,Беларусь,Минск,США,Котлик,None
1415,Беларусь,Минск,США,Чевак,None
1416,Беларусь,Минск,США,Эгиджик,None
1417,Беларусь,Минск,США,Уэйлс,None
1418,Беларусь,Минск,США,Уилкс‑Барре,None
1419,Беларусь,Минск,США,Хилтон-Хед-Айленд,None
1420,Беларусь,Минск,США,Олбани,None
1421,Беларусь,Минск,США,Эвансвилл,None
1422,Беларусь,Минск,США,Ноксвилл,None
1423,Беларусь,Минск,США,Хайдаберг,None
1424,Беларусь,Минск,США,Кайана,None
1425,Беларусь,Минск,США,Абердин,None
1426,Беларусь,Минск,США,Харлинген,None
1427,Беларусь,Минск,США,Кивалина,None
1428,Беларусь,Минск,США,Хомер,None
1429,Беларусь,Минск,США,Арката,None
1430,Беларусь,Минск,США,Элмайра,None
1431,Беларусь,Минск,США,Вулф‑Пойнт,None
1432,Беларусь,Минск,США,Дестин,None
1433,Беларусь,Минск,США,Брэдфорд,None
1434,Беларусь,Минск,США,Вустер,None
1435,Беларусь,Минск,США,Бангор,None
1436,Беларусь,Минск,США,Эль‑Дорадо,None
1437,Беларусь,Минск,США,Реддинг,None
1438,Беларусь,Минск,США,Гранд‑Джанкшен,None
1439,Беларусь,Минск,США,Токсук‑Бэй,None
1440,Беларусь,Минск,США,Пейдж,None
1441,Беларусь,Минск,США,Аламоса,None
1442,Беларусь,Минск,США,Беллингхем,None
1443,Беларусь,Минск,США,Аниак,None
1444,Беларусь,Минск,США,Дуранго,None
1445,Беларусь,Минск,США,Игьюгиг,None
1446,Беларусь,Минск,США,Эль‑Сентро,None
1447,Беларусь,Минск,США,Интернешнл-Фолс,None
1448,Беларусь,Минск,США,Куитлук,None
1449,Беларусь,Минск,США,Эри,None
1450,Беларусь,Минск,США,Лотон,None
1451,Беларусь,Минск,США,Ик,None
1452,Беларусь,Минск,США,Провиденс,None
1453,Беларусь,Минск,США,Амарилло,None
1454,Беларусь,Минск,США,Шишмарёв,None
1455,Беларусь,Минск,США,Сент‑Огастин,None
1456,Беларусь,Минск,США,Ньюпорт‑Ньюс,3724
1457,Беларусь,Минск,США,Декейтер,None
1458,Беларусь,Минск,США,Джексонвилл,None
1459,Беларусь,Минск,США,Бисмарк,None
1460,Беларусь,Минск,США,Райнлендер,None
1461,Беларусь,Минск,США,Валдиз,None
1462,Беларусь,Минск,США,Дулут,None
1463,Беларусь,Минск,США,Валдоста,None
1464,Беларусь,Минск,США,Дотан,None
1465,Беларусь,Минск,США,Сидар‑Рэпидс,None
1466,Беларусь,Минск,США,Норт‑Платт,None
1467,Беларусь,Минск,США,Кордова,None
1468,Беларусь,Минск,США,Илиамна,None
1469,Беларусь,Минск,США,Бирмингем,None
1470,Беларусь,Минск,США,Бьютт,None
1471,Беларусь,Минск,США,Пайлот‑Стейшен,None
1472,Беларусь,Минск,США,Чадрон,None
1473,Беларусь,Минск,США,Амблер,None
1474,Беларусь,Минск,США,Нью‑Бедфорд,None
1475,Беларусь,Минск,США,Мартас‑Винъярд,None
1476,Беларусь,Минск,США,Форт‑Юкон,None
1477,Беларусь,Минск,США,Огаста,None
1478,Беларусь,Минск,США,Якутат,None
1479,Беларусь,Минск,США,Моаб,None
1480,Беларусь,Минск,США,Бартер,None
1481,Беларусь,Минск,США,Коламбия,None
1482,Беларусь,Минск,США,Фрайдей‑Харбор,None
1483,Беларусь,Минск,США,Маскегон,None
1484,Беларусь,Минск,США,Джоплин,None
1485,Беларусь,Минск,США,Провинстаун,None
1486,Беларусь,Минск,США,Шампейн,None
1487,Беларусь,Минск,США,Галина,None
1488,Беларусь,Минск,США,Хупер‑Бэй,None
1489,Беларусь,Минск,США,Айрон‑Маунтин,None
1490,Беларусь,Минск,США,Глендайв,None
1491,Беларусь,Минск,США,Гамбелл,None
1492,Беларусь,Минск,США,Лонг‑Бич,None
1493,Беларусь,Минск,США,Морристаун,None
1494,Беларусь,Минск,США,Гринвилл,None
1495,Беларусь,Минск,США,Кинг‑Салмон,None
1496,Беларусь,Минск,США,Флинт,None
1497,Беларусь,Минск,США,Массена,None
1498,Беларусь,Минск,США,Блумингтон,None
1499,Беларусь,Минск,США,Эммонак,None
1500,Беларусь,Минск,США,Бомонт,None
1501,Беларусь,Минск,США,Линкольн,None
1502,Беларусь,Минск,США,Додж‑Сити,None
1503,Беларусь,Минск,США,Гианнис,None
1504,Беларусь,Минск,США,Стоктон,None
1505,Беларусь,Минск,США,Латроб,None
1506,Беларусь,Минск,США,Мизула,None
1507,Беларусь,Минск,США,Чефорнак,None
1508,Беларусь,Минск,США,Огаста,None
1509,Беларусь,Минск,США,Ланаи,None
1510,Беларусь,Минск,США,Макграт,None
1511,Беларусь,Минск,США,Манхэттен,None
1512,Беларусь,Минск,США,Карни,None
1513,Беларусь,Минск,США,Монтевидео,None
1514,Беларусь,Минск,США,Гурон,None
1515,Беларусь,Минск,США,Сан-Луис-Обиспо,None
1516,Беларусь,Минск,США,Теллерайд,None
1517,Беларусь,Минск,США,Сент‑Клауд,None
1518,Беларусь,Минск,США,Лайма,None
1519,Беларусь,Минск,США,Адак,None
1520,Беларусь,Минск,США,Беллвилл,None
1521,Беларусь,Минск,США,Лафейетт,None
1522,Беларусь,Минск,США,Серкл,None
1523,Беларусь,Минск,США,Тулуксак,None
1524,Беларусь,Минск,США,Бетпейдж,None
1525,Беларусь,Минск,США,Санта‑Фе,None
1526,Беларусь,Минск,США,Онтарио,None
1527,Беларусь,Минск,США,Хоторн,None
1528,Беларусь,Минск,США,Су‑Сент-Мари,None
1529,Беларусь,Минск,США,Сент‑Джордж,None
1530,Беларусь,Минск,Северный Кипр,Эрджан,536
1531,Беларусь,Минск,Индонезия,Денпасар (Бали),1572
1532,Беларусь,Минск,Индонезия,Джакарта,1587
1533,Беларусь,Минск,Индонезия,Джокьякарта,None
1534,Беларусь,Минск,Индонезия,Лабуан‑Баджо,None
1535,Беларусь,Минск,Индонезия,Прая (Ломбок),3337
1536,Беларусь,Минск,Индонезия,Купанг,None
1537,Беларусь,Минск,Индонезия,Соронг,None
1538,Беларусь,Минск,Индонезия,Паданг,4086
1539,Беларусь,Минск,Индонезия,Баликпапан,2221
1540,Беларусь,Минск,Индонезия,Макасар,None
1541,Беларусь,Минск,Индонезия,Сурабая,None
1542,Беларусь,Минск,Индонезия,Сумбава‑Бесар,None
1543,Беларусь,Минск,Индонезия,Медан,1577
1544,Беларусь,Минск,Индонезия,Тамболака,None
1545,Беларусь,Минск,Индонезия,Манадо,None
1546,Беларусь,Минск,Индонезия,Банда‑Ачех,None
1547,Беларусь,Минск,Индонезия,Энде,2362
1548,Беларусь,Минск,Индонезия,Семаранг,None
1549,Беларусь,Минск,Индонезия,Тимика,None
1550,Беларусь,Минск,Индонезия,Пеканбару,None
1551,Беларусь,Минск,Индонезия,Баубау,None
1552,Беларусь,Минск,Индонезия,Джаяпура,None
1553,Беларусь,Минск,Индонезия,Маланг,None
1554,Беларусь,Минск,Индонезия,Понтианак,None
1555,Беларусь,Минск,Индонезия,Батам,None
1556,Беларусь,Минск,Индонезия,Баньюванги,None
1557,Беларусь,Минск,Индонезия,Кетапанг,None
1558,Беларусь,Минск,Индонезия,Палембанг,None
1559,Беларусь,Минск,Индонезия,Банджармасин,None
1560,Беларусь,Минск,Индонезия,Палу,None
1561,Беларусь,Минск,Индонезия,Бандар‑Лампунг,None
1562,Беларусь,Минск,Индонезия,Танджунгпандан,None
1563,Беларусь,Минск,Индонезия,Лабуха,None
1564,Беларусь,Минск,Индонезия,Кендари,None
1565,Беларусь,Минск,Индонезия,Вайнгапу,None
1566,Беларусь,Минск,Индонезия,Джамби,None
1567,Беларусь,Минск,Индонезия,Гунунгситоли,None
1568,Беларусь,Минск,Индонезия,Амбон,None
1569,Беларусь,Минск,Индонезия,Мамуджу,None
1570,Беларусь,Минск,Индонезия,Бима,None
1571,Беларусь,Минск,Индонезия,Суракарта,None
1572,Беларусь,Минск,Индонезия,Горонтало,None
1573,Беларусь,Минск,Индонезия,Такенгон,None
1574,Беларусь,Минск,Индонезия,Лувук,None
1575,Беларусь,Минск,Индонезия,Сампит,None
1576,Беларусь,Минск,Индонезия,Таракан,None
1577,Беларусь,Минск,Индонезия,Атамбуа,None
1578,Беларусь,Минск,Индонезия,Вамена,None
1579,Беларусь,Минск,Индонезия,Алор,None
1580,Беларусь,Минск,Индонезия,Ларантука,None
1581,Беларусь,Минск,Индонезия,Танджунг‑Редеб,None
1582,Беларусь,Минск,Индонезия,Синтанг,None
1583,Беларусь,Минск,Индонезия,Бенкулу,None
1584,Беларусь,Минск,Индонезия,Каймана,None
1585,Беларусь,Минск,Индонезия,Факфак,None
1586,Беларусь,Минск,Индонезия,Танджунгпинанг,None
1587,Беларусь,Минск,Индонезия,Путуссибау,None
1588,Беларусь,Минск,Индонезия,Панкаланбун,None
1589,Беларусь,Минск,Индонезия,Маноквари,None
1590,Беларусь,Минск,Индонезия,Маумере,None
1591,Беларусь,Минск,Индонезия,Тернате,None
1592,Беларусь,Минск,Индонезия,Лхоксёмаве,None
1593,Беларусь,Минск,Индонезия,Паланкарая,None
1594,Беларусь,Минск,Индонезия,Лангур,None
1595,Беларусь,Минск,Индонезия,Панкалпинанг,None
1596,Беларусь,Минск,Индонезия,Биак,None
1597,Беларусь,Минск,Индонезия,Баджава,None
1598,Беларусь,Минск,Индонезия,Самаринда,None
1599,Беларусь,Минск,Индонезия,Бандунг,None
1600,Беларусь,Минск,Индонезия,Мерауке,None
1601,Беларусь,Минск,Индонезия,Котабару,None
1602,Беларусь,Минск,Индонезия,Сиборонг-Боронг,None
1603,Беларусь,Минск,Индонезия,Намлеа,None
1604,Беларусь,Минск,Индонезия,Джемаджа,None
1605,Беларусь,Минск,Индонезия,Саумлаки,None
1606,Беларусь,Минск,Индонезия,Питу,None
1607,Беларусь,Минск,Индонезия,Сенипах,None
1608,Беларусь,Минск,Индонезия,Мулабох,None
1609,Беларусь,Минск,Индонезия,Натуна‑Ранаи,None
1610,Беларусь,Минск,Индонезия,Леволеба,None
1611,Беларусь,Минск,Индонезия,Бату‑Личин,None
1612,Беларусь,Минск,Индонезия,Кау,None
1613,Беларусь,Минск,Индонезия,Набире,None
1614,Беларусь,Минск,Индонезия,Рутенг,None
1615,Беларусь,Минск,Индонезия,Толитоли,None
1616,Беларусь,Минск,Индонезия,Наха,None
1617,Беларусь,Минск,Индонезия,Добо,None
1618,Беларусь,Минск,Малайзия,Куала‑Лумпур,1233
1619,Беларусь,Минск,Малайзия,Лангкави,1701
1620,Беларусь,Минск,Малайзия,Пенанг,2524
1621,Беларусь,Минск,Малайзия,Куала‑Тренгану,None
1622,Беларусь,Минск,Малайзия,Кота‑Кинабалу,None
1623,Беларусь,Минск,Малайзия,Сандакан,None
1624,Беларусь,Минск,Малайзия,Джохор‑Бару,None
1625,Беларусь,Минск,Малайзия,Кота‑Бару,None
1626,Беларусь,Минск,Малайзия,Кучинг,None
1627,Беларусь,Минск,Малайзия,Мулу,None
1628,Беларусь,Минск,Малайзия,Куантан,None
1629,Беларусь,Минск,Малайзия,Тавау,None
1630,Беларусь,Минск,Малайзия,Алор‑Сетар,None
1631,Беларусь,Минск,Малайзия,Бинтулу,None
1632,Беларусь,Минск,Малайзия,Мири,None
1633,Беларусь,Минск,Малайзия,Лабуан,None
1634,Беларусь,Минск,Малайзия,Сибу,None
1635,Беларусь,Минск,Малайзия,Ипох,None
1636,Беларусь,Минск,Малайзия,Малакка,None
1637,Беларусь,Минск,Малайзия,Лавас,None
1638,Беларусь,Минск,Малайзия,Муках,None
1639,Беларусь,Минск,Малайзия,Лахад‑Дату,None
1640,Беларусь,Минск,Малайзия,Кертех,None
1641,Беларусь,Минск,Малайзия,Барио,None
1642,Беларусь,Минск,Малайзия,Маруди,None
1643,Беларусь,Минск,Малайзия,Лонг‑Серидан,None
1644,Беларусь,Минск,Малайзия,Лимбанг,None
1645,Беларусь,Минск,Малайзия,Кудат,None
1646,Беларусь,Минск,Малайзия,Лонг‑Банга,None
1647,Беларусь,Минск,Малайзия,Лонг‑Лелланг,None
1648,Беларусь,Минск,Малайзия,Бакелалан,None
1649,Беларусь,Минск,Малайзия,Сарикей,None
1650,Беларусь,Минск,Малайзия,Реданг,None
1651,Беларусь,Минск,Малайзия,Лонг‑Аках,None
1652,Беларусь,Минск,Малайзия,Тиоман,None
1653,Беларусь,Минск,Мальдивы,Мале,981
1654,Беларусь,Минск,Мальдивы,Ган,2388
1655,Беларусь,Минск,Мальдивы,Дараванду,None
1656,Беларусь,Минск,Мальдивы,Фувамула,None
1657,Беларусь,Минск,Мальдивы,Маамигили,None
1658,Беларусь,Минск,Мальдивы,Ханимаду,None
1659,Беларусь,Минск,Мальдивы,Кудахуваду,None
1660,Беларусь,Минск,Мальдивы,Маафару,None
1661,Беларусь,Минск,Туркменистан,Туркменбашы,872
1662,Беларусь,Минск,Туркменистан,Ашхабад,1279
1663,Беларусь,Минск,Туркменистан,Мары,None
1664,Беларусь,Минск,Туркменистан,Туркменабад,None
1665,Беларусь,Минск,Кипр,Ларнака,702
1666,Беларусь,Минск,Кипр,Пафос,685
1667,Беларусь,Минск,Кыргызстан,Бишкек,731
1668,Беларусь,Минск,Кыргызстан,Ош,724
1669,Беларусь,Минск,Кыргызстан,Иссык‑Куль,None
1670,Беларусь,Минск,Кыргызстан,Талас,None
1671,Беларусь,Минск,Кыргызстан,Баткен,None
1672,Беларусь,Минск,Кыргызстан,Манас,None
1673,Беларусь,Минск,Кыргызстан,Раззаков,None
1674,Беларусь,Минск,Кыргызстан,Казарман,None
1675,Беларусь,Минск,Кыргызстан,Кербен,None
1676,Беларусь,Минск,Кыргызстан,Каракол,None
1677,Беларусь,Минск,Кыргызстан,Нарын,None
